               epoch,      train/box_loss,      train/obj_loss,      train/cls_loss,   metrics/precision,      metrics/recall,     metrics/mAP_0.5,metrics/mAP_0.5:0.95,        val/box_loss,        val/obj_loss,        val/cls_loss,               x/lr0,               x/lr1,               x/lr2
                   0,             0.12146,             0.17409,            0.050448,            0.043875,             0.14257,            0.023976,           0.0057403,             0.10263,             0.13327,            0.053574,              0.0793,              0.0023,              0.0023
                   1,             0.09085,             0.16209,            0.042817,             0.18414,             0.32575,              0.1966,            0.059717,             0.08954,             0.14754,             0.04425,            0.057684,           0.0046845,           0.0046845
                   2,            0.074022,             0.16256,            0.037695,             0.49306,             0.47234,               0.342,             0.14752,            0.063273,            0.085052,            0.036659,            0.036053,           0.0070531,           0.0070531
                   3,            0.066775,             0.17892,             0.03203,             0.30871,             0.55785,             0.29927,            0.099398,            0.068611,            0.086655,            0.029152,            0.014406,           0.0094059,           0.0094059
                   4,            0.062632,             0.19058,            0.024688,             0.37003,              0.5989,             0.41464,             0.17508,            0.065253,             0.10645,            0.029171,            0.009868,            0.009868,            0.009868
                   5,            0.054167,             0.14864,            0.018582,             0.58887,             0.73003,             0.64587,             0.34073,            0.051194,            0.086746,            0.014984,            0.009868,            0.009868,            0.009868
                   6,            0.052458,             0.17896,            0.012995,             0.54484,             0.69985,             0.68072,             0.31596,             0.05103,            0.083725,            0.014053,            0.009835,            0.009835,            0.009835
                   7,            0.047539,             0.15741,            0.010251,             0.69612,             0.80583,             0.82732,             0.45235,             0.03936,            0.077194,             0.01475,            0.009802,            0.009802,            0.009802
                   8,            0.044012,             0.13516,           0.0079039,             0.83398,             0.78085,             0.87371,             0.54448,            0.033935,            0.074036,            0.011877,            0.009769,            0.009769,            0.009769
                   9,            0.046512,             0.19628,           0.0087281,             0.83767,             0.84156,             0.88188,             0.49611,            0.036485,            0.077362,           0.0095253,            0.009736,            0.009736,            0.009736
                  10,            0.044044,             0.17462,           0.0083437,             0.79583,             0.74335,             0.85674,             0.47896,            0.037311,            0.081787,            0.012726,            0.009703,            0.009703,            0.009703
                  11,            0.044527,             0.18783,           0.0079607,             0.84601,             0.83366,             0.87585,             0.49513,            0.033473,            0.076324,            0.016516,             0.00967,             0.00967,             0.00967
                  12,            0.042907,             0.15784,           0.0070048,             0.89006,             0.83457,             0.89588,              0.5668,            0.032311,            0.073189,           0.0080891,            0.009637,            0.009637,            0.009637
                  13,            0.040344,             0.15682,           0.0061306,             0.88254,             0.83645,             0.89383,              0.5082,            0.033349,            0.074402,            0.010826,            0.009604,            0.009604,            0.009604
                  14,            0.039426,             0.16178,           0.0066121,             0.86249,             0.85126,             0.91067,             0.52523,            0.037108,            0.074615,            0.011261,            0.009571,            0.009571,            0.009571
                  15,            0.039099,             0.15922,           0.0055405,             0.75201,             0.75684,             0.79571,             0.45164,            0.037021,            0.073914,           0.0087872,            0.009538,            0.009538,            0.009538
                  16,            0.036471,             0.14343,           0.0048027,              0.7398,             0.81496,             0.84364,             0.49391,            0.033285,            0.073303,            0.019997,            0.009505,            0.009505,            0.009505
                  17,            0.035613,             0.11795,           0.0046313,             0.91098,             0.84632,             0.89981,             0.56058,            0.030852,            0.073822,           0.0093784,            0.009472,            0.009472,            0.009472
                  18,            0.041065,              0.1696,           0.0055258,             0.89137,             0.85788,             0.89638,             0.55524,            0.032316,            0.075584,           0.0090389,            0.009439,            0.009439,            0.009439
                  19,            0.037804,             0.15482,           0.0050136,             0.85724,             0.79993,             0.87121,             0.54802,            0.035238,            0.079956,            0.013374,            0.009406,            0.009406,            0.009406
                  20,            0.036538,             0.12637,           0.0038382,             0.86596,             0.81162,              0.8949,             0.48858,            0.034194,            0.074539,           0.0097961,            0.009373,            0.009373,            0.009373
                  21,            0.035287,             0.13921,           0.0042883,             0.83764,             0.81029,             0.87564,             0.52321,            0.029701,            0.068741,             0.01862,             0.00934,             0.00934,             0.00934
                  22,            0.034556,             0.12829,           0.0037678,             0.93871,             0.87015,             0.92629,             0.62405,            0.027162,            0.071808,           0.0077915,            0.009307,            0.009307,            0.009307
                  23,            0.034853,             0.14536,           0.0039498,             0.77763,             0.83871,             0.85188,             0.44194,            0.035327,            0.076988,            0.010086,            0.009274,            0.009274,            0.009274
                  24,            0.033581,             0.13862,           0.0041411,             0.86636,             0.85008,             0.89924,             0.53518,            0.029801,            0.070488,            0.014275,            0.009241,            0.009241,            0.009241
                  25,            0.035614,             0.15065,           0.0041122,             0.84874,             0.80599,             0.86621,             0.57979,            0.027659,            0.071335,            0.014174,            0.009208,            0.009208,            0.009208
                  26,            0.033122,             0.12652,           0.0034743,             0.83687,             0.83838,             0.86826,              0.5776,            0.025993,             0.06675,            0.016563,            0.009175,            0.009175,            0.009175
                  27,            0.033818,             0.15846,            0.004042,             0.81224,             0.83435,             0.89518,             0.57073,            0.032725,            0.070122,           0.0089855,            0.009142,            0.009142,            0.009142
                  28,            0.033407,             0.14136,           0.0046672,             0.95029,             0.88858,             0.94083,             0.63631,             0.02673,            0.073837,           0.0066843,            0.009109,            0.009109,            0.009109
                  29,            0.035567,             0.16079,           0.0043056,             0.90379,             0.86344,             0.91719,             0.57873,            0.030486,            0.070267,           0.0089264,            0.009076,            0.009076,            0.009076
                  30,            0.033646,             0.14415,           0.0035575,             0.88505,             0.84812,             0.88664,             0.58184,             0.03137,            0.072212,           0.0092888,            0.009043,            0.009043,            0.009043
                  31,            0.034325,             0.14819,           0.0038468,             0.88009,             0.84083,             0.88692,             0.55721,            0.032236,            0.070831,            0.011261,             0.00901,             0.00901,             0.00901
                  32,            0.032952,             0.14728,           0.0036757,             0.86488,              0.8023,             0.88904,             0.58467,            0.025303,            0.068947,            0.016245,            0.008977,            0.008977,            0.008977
                  33,            0.032027,              0.1373,           0.0034629,             0.90647,             0.86098,             0.89984,              0.5579,              0.0293,            0.073723,           0.0059624,            0.008944,            0.008944,            0.008944
                  34,            0.031836,             0.14031,           0.0035508,             0.91356,             0.85766,             0.92512,              0.6209,            0.026538,            0.068398,           0.0093288,            0.008911,            0.008911,            0.008911
                  35,            0.032692,             0.15386,           0.0039463,             0.90472,             0.83081,             0.91799,             0.58051,            0.028389,            0.068932,           0.0097084,            0.008878,            0.008878,            0.008878
                  36,            0.032619,             0.14749,           0.0039844,             0.93889,             0.87948,             0.91774,             0.59314,            0.027199,            0.073021,            0.005621,            0.008845,            0.008845,            0.008845
                  37,            0.030812,              0.1327,           0.0029385,             0.93832,             0.88299,             0.92452,             0.59692,            0.026431,            0.069977,           0.0062838,            0.008812,            0.008812,            0.008812
                  38,            0.032127,             0.14836,           0.0032729,             0.93581,             0.89509,             0.92861,             0.58559,            0.028462,            0.071083,           0.0070953,            0.008779,            0.008779,            0.008779
                  39,            0.030389,             0.12644,           0.0030209,             0.91084,             0.84717,             0.90951,             0.61199,              0.0262,            0.073418,           0.0091801,            0.008746,            0.008746,            0.008746
                  40,            0.031737,             0.15027,           0.0032435,             0.92458,             0.86794,             0.92438,             0.62335,            0.026355,            0.070625,           0.0084782,            0.008713,            0.008713,            0.008713
                  41,            0.032254,             0.14556,           0.0032935,             0.84364,             0.80585,             0.86823,             0.59017,            0.026738,            0.073952,            0.014477,             0.00868,             0.00868,             0.00868
                  42,            0.030728,             0.12614,            0.003189,             0.89737,             0.84182,             0.90538,             0.62738,            0.025789,            0.067085,           0.0097923,            0.008647,            0.008647,            0.008647
                  43,            0.032638,             0.15584,           0.0035207,             0.91152,             0.86047,             0.91538,             0.60703,            0.028007,             0.07193,           0.0086689,            0.008614,            0.008614,            0.008614
                  44,            0.029796,             0.14668,           0.0034632,             0.85502,             0.80552,             0.86389,             0.57137,            0.029163,             0.06881,            0.015835,            0.008581,            0.008581,            0.008581
                  45,            0.030751,              0.1281,           0.0028989,             0.88772,             0.85549,             0.90831,             0.59401,            0.026945,            0.067299,            0.013203,            0.008548,            0.008548,            0.008548
                  46,            0.029853,             0.13139,           0.0028514,             0.89732,             0.84566,             0.91551,              0.6273,             0.02461,            0.067001,            0.011415,            0.008515,            0.008515,            0.008515
                  47,            0.029342,             0.12816,           0.0026143,             0.92662,             0.85345,             0.91142,             0.61871,            0.025881,            0.070206,           0.0095882,            0.008482,            0.008482,            0.008482
                  48,            0.030281,             0.14756,           0.0029744,             0.90321,             0.88206,             0.91418,             0.59639,            0.027139,             0.07267,           0.0066652,            0.008449,            0.008449,            0.008449
                  49,            0.029669,             0.13391,             0.00267,             0.94037,             0.87091,             0.90696,             0.60568,            0.027557,            0.073959,           0.0068922,            0.008416,            0.008416,            0.008416
                  50,            0.030858,             0.15179,           0.0031985,             0.92782,             0.84814,             0.92076,              0.6194,            0.027644,            0.072418,           0.0086136,            0.008383,            0.008383,            0.008383
                  51,            0.029823,              0.1448,           0.0029053,              0.9364,              0.8612,             0.91078,             0.60412,            0.026794,            0.079704,            0.009409,             0.00835,             0.00835,             0.00835
                  52,            0.028339,             0.12106,           0.0024513,             0.90888,             0.82666,             0.88246,              0.5909,             0.02757,            0.076279,             0.01063,            0.008317,            0.008317,            0.008317
                  53,            0.027993,             0.11088,           0.0022903,             0.92372,             0.85694,              0.9168,             0.60456,            0.027542,            0.070908,           0.0076265,            0.008284,            0.008284,            0.008284
                  54,            0.029083,             0.14071,           0.0027297,             0.85788,              0.7821,             0.89577,              0.6099,            0.025675,            0.069939,             0.02264,            0.008251,            0.008251,            0.008251
                  55,             0.02833,             0.13071,           0.0025767,             0.90704,             0.83658,             0.89101,             0.59971,             0.02494,            0.068901,            0.011997,            0.008218,            0.008218,            0.008218
                  56,            0.028759,             0.12341,           0.0024359,             0.87241,             0.83091,             0.88746,             0.59695,            0.025846,            0.071968,            0.015774,            0.008185,            0.008185,            0.008185
                  57,            0.028656,              0.1414,           0.0027842,             0.87978,             0.82483,             0.89387,              0.5991,            0.026931,            0.074562,            0.011593,            0.008152,            0.008152,            0.008152
                  58,            0.026985,               0.116,           0.0027849,             0.89102,             0.89945,             0.92611,             0.63925,            0.023807,            0.070732,           0.0099068,            0.008119,            0.008119,            0.008119
                  59,             0.02837,             0.11739,           0.0026428,             0.86148,             0.80518,              0.8529,             0.59876,             0.02408,            0.065742,            0.013372,            0.008086,            0.008086,            0.008086
                  60,             0.02885,              0.1501,           0.0029897,             0.91219,             0.87608,             0.91632,             0.64648,             0.02468,            0.072449,           0.0074701,            0.008053,            0.008053,            0.008053
                  61,            0.029483,               0.152,           0.0030078,             0.89687,             0.82684,             0.85799,             0.59836,            0.028085,            0.076141,           0.0081577,             0.00802,             0.00802,             0.00802
                  62,            0.027941,             0.13198,           0.0024253,             0.84339,             0.82221,             0.85194,              0.5521,            0.027511,            0.073448,            0.018101,            0.007987,            0.007987,            0.007987
                  63,            0.028363,             0.12906,           0.0027411,             0.91473,             0.88023,             0.92842,             0.59291,            0.026559,            0.069229,           0.0093098,            0.007954,            0.007954,            0.007954
                  64,            0.028115,             0.14678,           0.0027533,             0.86443,             0.83206,             0.87872,             0.58466,            0.025341,            0.068993,            0.014935,            0.007921,            0.007921,            0.007921
                  65,            0.028091,             0.14167,           0.0027728,             0.75242,             0.79991,             0.82577,             0.56728,            0.024002,            0.066429,            0.023384,            0.007888,            0.007888,            0.007888
                  66,            0.027177,             0.11592,           0.0031718,             0.92331,             0.86662,             0.92427,             0.63954,            0.025646,            0.071571,           0.0089474,            0.007855,            0.007855,            0.007855
                  67,            0.027393,             0.12039,           0.0026345,             0.91583,             0.87817,             0.92647,             0.63693,            0.025418,             0.07164,           0.0078077,            0.007822,            0.007822,            0.007822
                  68,             0.02744,             0.13063,           0.0024718,             0.94233,             0.88042,             0.93507,             0.65079,            0.024036,            0.067635,           0.0056677,            0.007789,            0.007789,            0.007789
                  69,            0.026845,             0.11388,           0.0022027,             0.91572,             0.87122,              0.9227,             0.63406,            0.024603,            0.067444,           0.0089397,            0.007756,            0.007756,            0.007756
                  70,            0.026679,             0.12042,           0.0022301,             0.94054,             0.89201,              0.9303,             0.64983,            0.023601,            0.067818,           0.0070601,            0.007723,            0.007723,            0.007723
                  71,            0.026718,             0.12531,           0.0022554,             0.88775,              0.8739,             0.89881,             0.63475,            0.022985,            0.070419,           0.0096664,             0.00769,             0.00769,             0.00769
                  72,            0.027273,             0.13076,           0.0024264,             0.93034,             0.86317,             0.91786,             0.62612,            0.026235,            0.076126,           0.0093403,            0.007657,            0.007657,            0.007657
                  73,            0.028083,             0.13582,           0.0024959,             0.85394,             0.82618,             0.84975,             0.59708,            0.023356,             0.06842,            0.020714,            0.007624,            0.007624,            0.007624
                  74,            0.026293,             0.11941,            0.002205,             0.89593,             0.85266,             0.90074,             0.63873,            0.023085,            0.068504,            0.010967,            0.007591,            0.007591,            0.007591
                  75,            0.026735,             0.13368,           0.0022036,             0.90426,              0.8446,              0.9132,              0.6361,            0.024401,            0.067551,           0.0076866,            0.007558,            0.007558,            0.007558
                  76,            0.026915,             0.13438,           0.0025636,             0.92984,             0.86085,             0.91904,             0.64673,            0.025541,            0.070068,           0.0053978,            0.007525,            0.007525,            0.007525
                  77,            0.026518,             0.12385,           0.0020998,             0.92344,              0.8531,             0.89841,             0.63714,            0.025648,             0.07135,           0.0070467,            0.007492,            0.007492,            0.007492
                  78,            0.027469,             0.13016,           0.0024631,              0.9088,             0.84926,             0.88802,             0.62813,            0.026002,            0.072144,           0.0059519,            0.007459,            0.007459,            0.007459
                  79,            0.026734,             0.13646,           0.0025733,             0.90892,             0.86675,              0.9068,             0.61142,            0.026499,            0.073013,           0.0083561,            0.007426,            0.007426,            0.007426
                  80,            0.027061,             0.12666,           0.0023953,              0.9349,             0.89635,             0.93809,             0.63483,            0.025844,            0.067558,           0.0057535,            0.007393,            0.007393,            0.007393
                  81,            0.026784,              0.1397,           0.0023737,             0.92653,              0.8892,             0.91789,              0.6353,            0.025209,            0.073761,           0.0066452,             0.00736,             0.00736,             0.00736
                  82,            0.025997,             0.13243,           0.0020943,             0.90374,             0.84053,             0.90072,             0.63416,             0.02309,            0.067627,            0.011621,            0.007327,            0.007327,            0.007327
                  83,            0.025861,             0.11624,           0.0019809,             0.89836,             0.87605,              0.9185,             0.63957,            0.023995,            0.067947,           0.0080299,            0.007294,            0.007294,            0.007294
                  84,            0.027298,             0.14938,            0.002836,             0.89949,             0.82727,             0.90466,             0.61328,            0.025577,            0.069252,            0.011488,            0.007261,            0.007261,            0.007261
                  85,            0.027468,              0.1529,           0.0027677,               0.902,             0.85693,             0.90098,             0.63007,             0.02535,            0.067322,           0.0072327,            0.007228,            0.007228,            0.007228
                  86,            0.026303,             0.13266,           0.0023794,             0.86888,              0.8344,             0.88599,             0.60446,            0.024668,              0.0662,            0.012684,            0.007195,            0.007195,            0.007195
                  87,            0.024973,             0.12194,           0.0020674,             0.90592,             0.89261,             0.92304,             0.64302,            0.023427,            0.068222,           0.0089188,            0.007162,            0.007162,            0.007162
                  88,            0.026056,             0.12772,           0.0020399,             0.88728,             0.84492,             0.89498,             0.61005,            0.024272,             0.06958,            0.013868,            0.007129,            0.007129,            0.007129
                  89,            0.026944,             0.13131,           0.0023344,             0.93602,             0.87023,             0.93131,             0.63387,            0.023284,            0.064804,           0.0064678,            0.007096,            0.007096,            0.007096
                  90,            0.027315,             0.14809,           0.0023753,             0.94099,             0.90558,             0.94702,             0.66919,            0.023918,            0.064766,           0.0051231,            0.007063,            0.007063,            0.007063
                  91,            0.026205,             0.13866,           0.0022729,             0.95009,             0.88445,             0.94255,             0.65097,            0.023064,            0.069397,           0.0052881,             0.00703,             0.00703,             0.00703
                  92,             0.02589,             0.13828,           0.0020356,             0.93247,             0.89797,             0.93484,             0.63799,            0.024293,            0.069992,           0.0052376,            0.006997,            0.006997,            0.006997
                  93,            0.025374,             0.14017,           0.0021313,             0.91753,             0.84983,             0.91341,             0.62324,            0.024303,             0.07048,            0.010427,            0.006964,            0.006964,            0.006964
                  94,            0.024473,              0.1061,           0.0018218,             0.90948,             0.86377,             0.90883,             0.62773,            0.023553,            0.069534,           0.0096416,            0.006931,            0.006931,            0.006931
                  95,            0.025475,             0.12908,           0.0020221,             0.89259,             0.90184,             0.93665,             0.64923,            0.024289,            0.067139,           0.0092373,            0.006898,            0.006898,            0.006898
                  96,            0.025356,             0.12908,           0.0020997,             0.91657,             0.89533,             0.94443,             0.64274,             0.02345,            0.066055,           0.0073614,            0.006865,            0.006865,            0.006865
                  97,            0.024819,             0.11927,           0.0019577,              0.9051,             0.87596,             0.91776,             0.63514,            0.025067,            0.070511,           0.0068541,            0.006832,            0.006832,            0.006832
                  98,            0.025937,             0.13556,           0.0022442,             0.92665,             0.88112,             0.93524,             0.65027,            0.024242,            0.067139,            0.007844,            0.006799,            0.006799,            0.006799
                  99,            0.024637,             0.11226,           0.0017328,             0.93987,             0.87785,             0.92251,             0.64299,            0.023764,            0.069244,           0.0069942,            0.006766,            0.006766,            0.006766
                 100,            0.024319,             0.12059,           0.0018192,             0.91373,             0.86167,             0.91056,             0.64058,            0.023441,            0.070511,           0.0082912,            0.006733,            0.006733,            0.006733
                 101,            0.024984,             0.13309,           0.0019896,              0.8923,             0.83711,             0.89603,             0.63614,            0.023062,            0.065857,            0.012285,              0.0067,              0.0067,              0.0067
                 102,            0.024646,             0.13137,           0.0020512,             0.88574,             0.83438,             0.89876,             0.63945,            0.022924,             0.06575,            0.012426,            0.006667,            0.006667,            0.006667
                 103,            0.023955,             0.12219,           0.0018914,             0.88569,             0.88695,             0.91753,             0.64334,              0.0228,            0.065697,           0.0085554,            0.006634,            0.006634,            0.006634
                 104,            0.024956,             0.12816,           0.0020824,             0.89276,             0.87088,             0.89862,             0.63284,            0.024003,            0.067863,            0.010324,            0.006601,            0.006601,            0.006601
                 105,            0.025709,             0.14423,           0.0022827,             0.90248,             0.85728,             0.90545,             0.62041,            0.025286,            0.073288,           0.0092735,            0.006568,            0.006568,            0.006568
                 106,            0.024706,              0.1262,           0.0020628,              0.8862,             0.88755,             0.91968,             0.60314,            0.024849,             0.07251,            0.009203,            0.006535,            0.006535,            0.006535
                 107,            0.023548,             0.10355,           0.0016642,             0.90122,             0.86572,             0.91655,             0.65184,            0.022635,            0.068024,           0.0080671,            0.006502,            0.006502,            0.006502
                 108,            0.025212,               0.142,           0.0021025,             0.91681,             0.88181,              0.9157,             0.64278,            0.023833,            0.071884,           0.0061359,            0.006469,            0.006469,            0.006469
                 109,            0.024296,              0.1261,           0.0019501,             0.89108,             0.84162,             0.90756,             0.63842,            0.023292,            0.068436,            0.012312,            0.006436,            0.006436,            0.006436
                 110,            0.023184,             0.11031,           0.0017068,             0.88921,             0.82926,             0.87673,             0.62079,             0.02324,            0.066132,            0.010546,            0.006403,            0.006403,            0.006403
                 111,             0.02409,             0.12323,           0.0017393,             0.91089,             0.90746,             0.93038,             0.66704,            0.022147,            0.068214,           0.0068083,             0.00637,             0.00637,             0.00637
                 112,            0.024348,             0.12973,           0.0019087,             0.88488,             0.87773,              0.9166,             0.64197,            0.023023,            0.066895,             0.01067,            0.006337,            0.006337,            0.006337
                 113,            0.023524,             0.12098,           0.0017227,             0.88769,             0.83795,             0.88799,             0.62447,             0.02285,             0.06456,            0.014326,            0.006304,            0.006304,            0.006304
                 114,            0.024218,             0.11883,           0.0017483,             0.87415,             0.86305,             0.90568,             0.65231,            0.023366,            0.065475,            0.010269,            0.006271,            0.006271,            0.006271
                 115,            0.024938,             0.14087,           0.0021548,              0.8909,             0.87911,              0.9157,             0.64388,            0.023706,            0.067818,           0.0092583,            0.006238,            0.006238,            0.006238
                 116,            0.023474,              0.1123,           0.0019273,             0.90449,             0.87603,             0.90969,             0.63255,            0.022803,            0.065491,           0.0088348,            0.006205,            0.006205,            0.006205
                 117,            0.023196,              0.1158,           0.0016613,             0.92575,             0.89192,             0.92632,             0.65611,            0.023263,            0.070717,           0.0055761,            0.006172,            0.006172,            0.006172
                 118,            0.023526,              0.1054,            0.001753,             0.89887,             0.83999,             0.89637,             0.63256,            0.022495,            0.068748,            0.012466,            0.006139,            0.006139,            0.006139
                 119,            0.024469,             0.14105,           0.0020443,             0.93727,             0.89138,             0.93368,             0.65356,            0.023472,            0.069099,           0.0051994,            0.006106,            0.006106,            0.006106
                 120,            0.023387,             0.11459,           0.0017472,             0.94284,             0.88817,             0.93708,             0.65657,            0.023697,             0.07132,           0.0059147,            0.006073,            0.006073,            0.006073
                 121,            0.023335,              0.1247,           0.0017476,             0.92059,             0.90235,             0.94369,             0.65661,            0.022531,            0.067261,           0.0061827,             0.00604,             0.00604,             0.00604
                 122,            0.023144,             0.12315,           0.0016939,             0.86645,              0.8126,             0.85815,             0.59826,            0.022564,            0.067329,            0.023571,            0.006007,            0.006007,            0.006007
                 123,            0.024176,             0.13866,           0.0022593,             0.88822,             0.83806,             0.89909,             0.63552,            0.022416,            0.070503,            0.011917,            0.005974,            0.005974,            0.005974
                 124,            0.022372,             0.11267,           0.0015546,             0.90156,             0.86947,             0.92785,             0.65274,            0.022571,             0.06739,            0.009737,            0.005941,            0.005941,            0.005941
                 125,            0.023152,              0.1212,           0.0015577,             0.89779,             0.86882,             0.93072,             0.65493,            0.022733,             0.06543,            0.010103,            0.005908,            0.005908,            0.005908
                 126,            0.022971,             0.12081,            0.001655,             0.89125,             0.86152,             0.91239,             0.63946,            0.022769,             0.06662,            0.011631,            0.005875,            0.005875,            0.005875
                 127,            0.023156,             0.11776,           0.0017188,             0.88022,             0.83615,             0.88576,             0.62639,            0.022661,            0.067841,            0.014778,            0.005842,            0.005842,            0.005842
                 128,            0.021561,            0.097927,           0.0016797,             0.86314,             0.83548,             0.88961,              0.6253,            0.022652,            0.065201,            0.012722,            0.005809,            0.005809,            0.005809
                 129,            0.023302,             0.12869,           0.0018398,             0.93312,             0.85701,             0.92972,             0.66243,            0.022794,            0.067375,           0.0081682,            0.005776,            0.005776,            0.005776
                 130,            0.023841,             0.14632,           0.0020446,             0.84856,             0.83652,             0.89435,             0.63785,            0.023403,            0.067032,            0.014025,            0.005743,            0.005743,            0.005743
                 131,            0.023121,             0.11463,           0.0016452,             0.93494,             0.87272,             0.92781,             0.66229,            0.023308,            0.068817,           0.0063028,             0.00571,             0.00571,             0.00571
                 132,            0.023551,             0.12826,           0.0017149,             0.92964,             0.88188,             0.92676,             0.64686,            0.024438,            0.074738,           0.0057678,            0.005677,            0.005677,            0.005677
                 133,            0.023002,             0.12126,           0.0016591,             0.91608,             0.85401,             0.92853,             0.65344,            0.023194,            0.071793,            0.010082,            0.005644,            0.005644,            0.005644
                 134,            0.022903,             0.12218,           0.0015591,              0.8945,             0.87043,             0.91623,             0.65794,            0.022316,            0.070732,            0.011681,            0.005611,            0.005611,            0.005611
                 135,             0.02271,             0.11768,           0.0015338,             0.87211,             0.86155,             0.91385,             0.63923,            0.022099,            0.066208,            0.015652,            0.005578,            0.005578,            0.005578
                 136,            0.021712,             0.10912,             0.00145,             0.93794,             0.87191,             0.93962,             0.67277,            0.021969,            0.066048,           0.0066795,            0.005545,            0.005545,            0.005545
                 137,            0.022211,             0.11188,             0.00156,             0.93412,             0.90384,             0.93847,             0.66221,            0.022287,            0.068329,           0.0061026,            0.005512,            0.005512,            0.005512
                 138,             0.02236,             0.11279,           0.0014925,             0.90668,             0.87734,             0.92648,              0.6595,            0.022556,            0.069641,            0.009182,            0.005479,            0.005479,            0.005479
                 139,            0.022749,             0.12177,           0.0016912,              0.9294,              0.8927,             0.93909,             0.66195,            0.022507,            0.069061,            0.007411,            0.005446,            0.005446,            0.005446
                 140,            0.022133,             0.10976,           0.0015183,              0.9385,              0.8809,             0.92851,             0.66236,            0.023083,            0.070473,           0.0050325,            0.005413,            0.005413,            0.005413
                 141,            0.022413,              0.1233,           0.0016812,              0.9225,             0.87656,             0.93159,             0.65998,            0.022788,            0.068298,           0.0089378,             0.00538,             0.00538,             0.00538
                 142,            0.022815,             0.12896,           0.0016423,              0.8724,             0.81765,             0.89303,             0.61375,            0.023933,            0.070572,            0.014711,            0.005347,            0.005347,            0.005347
                 143,            0.023351,             0.13273,           0.0018376,             0.90279,             0.85394,             0.90464,             0.64382,            0.022348,            0.067772,            0.013058,            0.005314,            0.005314,            0.005314
                 144,            0.022181,             0.11786,           0.0016566,             0.91856,             0.86203,              0.9248,             0.66102,            0.022912,            0.072601,           0.0078335,            0.005281,            0.005281,            0.005281
                 145,            0.023044,             0.13159,           0.0017586,             0.90992,             0.84709,             0.90958,             0.64554,            0.023604,            0.075302,           0.0090961,            0.005248,            0.005248,            0.005248
                 146,            0.022181,             0.11812,           0.0016188,              0.9268,             0.85736,             0.93409,             0.66893,            0.021987,            0.066376,           0.0087585,            0.005215,            0.005215,            0.005215
                 147,            0.021993,             0.12094,           0.0016403,             0.91549,             0.88158,             0.93454,             0.65657,            0.022915,            0.069878,           0.0078487,            0.005182,            0.005182,            0.005182
                 148,            0.021669,              0.1103,           0.0014009,             0.91411,             0.87628,             0.93214,             0.66155,            0.022494,            0.068253,           0.0088081,            0.005149,            0.005149,            0.005149
                 149,            0.022275,             0.12305,           0.0015813,             0.92646,             0.88115,             0.93372,             0.66592,             0.02238,            0.067474,           0.0072393,            0.005116,            0.005116,            0.005116
                 150,            0.022361,               0.126,           0.0015488,             0.92181,             0.89219,             0.93945,             0.66764,            0.022479,            0.066406,           0.0068083,            0.005083,            0.005083,            0.005083
                 151,            0.023324,             0.13235,           0.0018508,                0.89,              0.8675,             0.91167,             0.64818,            0.023583,            0.066727,           0.0090952,             0.00505,             0.00505,             0.00505
                 152,            0.020301,            0.094293,           0.0012946,             0.91553,             0.85019,             0.91043,             0.64099,            0.022269,             0.06398,            0.011375,            0.005017,            0.005017,            0.005017
                 153,            0.023312,             0.13736,            0.001814,             0.86189,             0.83849,             0.88218,             0.61392,            0.023259,            0.066704,            0.016085,            0.004984,            0.004984,            0.004984
                 154,            0.021371,             0.10565,           0.0012876,             0.90648,             0.89867,             0.93293,             0.66802,             0.02255,             0.06913,            0.006649,            0.004951,            0.004951,            0.004951
                 155,            0.023596,             0.14927,           0.0019539,             0.94228,             0.89007,             0.94361,              0.6701,            0.023309,            0.067139,           0.0058384,            0.004918,            0.004918,            0.004918
                 156,            0.022144,             0.12918,           0.0017754,             0.91333,             0.88118,             0.92218,             0.65393,            0.022801,             0.06855,           0.0080929,            0.004885,            0.004885,            0.004885
                 157,            0.022039,             0.12311,           0.0018312,             0.90977,             0.85451,             0.90614,             0.63151,            0.023743,            0.072243,            0.010782,            0.004852,            0.004852,            0.004852
                 158,            0.021629,             0.11488,           0.0015536,             0.94314,             0.89171,             0.93588,             0.65591,             0.02286,            0.066666,           0.0050383,            0.004819,            0.004819,            0.004819
                 159,            0.020428,             0.11135,           0.0013317,             0.91979,             0.89193,             0.92606,             0.65431,            0.023065,            0.069977,             0.00632,            0.004786,            0.004786,            0.004786
                 160,            0.021291,             0.11532,           0.0014866,             0.96397,              0.8715,             0.92363,             0.65398,            0.023754,            0.076553,           0.0053873,            0.004753,            0.004753,            0.004753
                 161,            0.022639,             0.13176,           0.0018665,             0.89493,              0.8638,             0.90561,              0.6335,            0.022927,            0.069893,            0.010965,             0.00472,             0.00472,             0.00472
                 162,            0.022225,             0.12304,           0.0017463,             0.89812,             0.85707,             0.89906,             0.63731,            0.023084,            0.067184,            0.010998,            0.004687,            0.004687,            0.004687
                 163,             0.02151,             0.11088,           0.0016573,             0.91355,             0.85351,             0.91364,             0.64102,            0.022657,            0.068481,            0.012686,            0.004654,            0.004654,            0.004654
                 164,            0.020822,             0.11151,           0.0015457,             0.90412,             0.88075,             0.91272,             0.65664,            0.022731,            0.070236,           0.0074778,            0.004621,            0.004621,            0.004621
                 165,            0.020534,             0.09631,           0.0012779,             0.89894,             0.84079,             0.89178,             0.62878,             0.02199,             0.06707,            0.016003,            0.004588,            0.004588,            0.004588
                 166,            0.021095,             0.11496,           0.0013331,             0.91551,             0.86332,             0.91666,             0.64274,            0.022574,            0.066872,            0.010376,            0.004555,            0.004555,            0.004555
                 167,            0.021091,             0.11716,           0.0016241,             0.92556,             0.87305,             0.92948,             0.66617,             0.02226,            0.067276,           0.0083122,            0.004522,            0.004522,            0.004522
                 168,            0.020802,             0.11364,           0.0015053,              0.8821,             0.83105,             0.87873,              0.6227,            0.022359,            0.066643,            0.017591,            0.004489,            0.004489,            0.004489
                 169,             0.02067,             0.10635,           0.0014499,             0.88027,              0.8564,             0.90242,              0.6444,            0.022118,            0.065369,             0.01088,            0.004456,            0.004456,            0.004456
                 170,            0.021762,             0.13159,           0.0016223,             0.88991,             0.84154,             0.89661,             0.63322,            0.022988,            0.066933,            0.013603,            0.004423,            0.004423,            0.004423
                 171,            0.021108,             0.12541,           0.0014439,             0.88632,             0.87264,             0.90048,             0.62879,            0.023252,            0.067497,            0.011719,             0.00439,             0.00439,             0.00439
                 172,            0.020097,             0.10903,           0.0014706,             0.92904,             0.85574,             0.90914,             0.63655,            0.024658,            0.077774,           0.0082664,            0.004357,            0.004357,            0.004357
                 173,            0.021545,             0.12419,           0.0014569,             0.94823,              0.8754,             0.93487,             0.66988,            0.022757,            0.069717,           0.0055437,            0.004324,            0.004324,            0.004324
                 174,            0.020351,             0.10685,           0.0014117,             0.93061,             0.87325,             0.93166,             0.65274,            0.023038,            0.073051,           0.0059519,            0.004291,            0.004291,            0.004291
                 175,            0.020542,             0.12474,            0.001445,             0.91136,             0.87929,             0.92312,             0.65077,            0.023523,            0.072723,           0.0073252,            0.004258,            0.004258,            0.004258
                 176,            0.021318,             0.12391,           0.0015503,              0.8957,             0.86711,             0.91635,             0.64908,             0.02278,            0.069252,            0.010366,            0.004225,            0.004225,            0.004225
                 177,            0.021585,             0.13071,           0.0016274,              0.9375,             0.88981,             0.93302,             0.66391,            0.022769,            0.071938,           0.0055456,            0.004192,            0.004192,            0.004192
                 178,            0.020764,             0.11474,           0.0012934,             0.93945,             0.88714,             0.93219,             0.65747,            0.023187,            0.074524,           0.0049934,            0.004159,            0.004159,            0.004159
                 179,            0.021356,             0.12146,           0.0014395,             0.93936,             0.88504,             0.93439,             0.65503,            0.023309,            0.069748,           0.0049515,            0.004126,            0.004126,            0.004126
                 180,            0.020415,             0.10079,           0.0011863,              0.9444,              0.8919,              0.9398,             0.66631,            0.022236,            0.066956,           0.0050545,            0.004093,            0.004093,            0.004093
                 181,            0.020917,             0.12187,           0.0015818,             0.91972,             0.88582,             0.92829,             0.65936,            0.022615,            0.067261,           0.0065031,             0.00406,             0.00406,             0.00406
                 182,            0.020837,             0.12244,           0.0015698,             0.89776,             0.86823,             0.91542,             0.65314,            0.022547,            0.068756,           0.0087996,            0.004027,            0.004027,            0.004027
                 183,            0.020363,             0.10949,           0.0013572,              0.9064,             0.88187,             0.92159,             0.65668,            0.022455,            0.067535,           0.0078735,            0.003994,            0.003994,            0.003994
                 184,            0.019622,              0.1036,           0.0012884,             0.92679,             0.86838,             0.93081,             0.65546,            0.022284,            0.068192,           0.0082741,            0.003961,            0.003961,            0.003961
                 185,            0.020629,             0.11808,           0.0014176,             0.93238,             0.89026,             0.93682,             0.65908,            0.022292,            0.069168,           0.0059643,            0.003928,            0.003928,            0.003928
                 186,            0.019758,            0.095772,           0.0012158,             0.88737,             0.86692,             0.90369,             0.62858,            0.023416,            0.071838,            0.011408,            0.003895,            0.003895,            0.003895
